1	ты	ты	PRON	_	Case=Nom|Number=Sing|Person=2	4	nsubj	_	_
2	был	быть	VERB	_	Aspect=Imp|Gender=Masc|Mood=Ind|Number=Sing|Tense=Past|VerbForm=Fin|Voice=Act	4	cop	_	_
3	на	на	ADP	_	_	4	case	_	_
4	интервью	интервью	NOUN	_	Animacy=Inan|Case=Loc|Gender=Neut|Number=Sing	0	root	_	_
5	ууу	у	ADP	_	_	4	iobj	_	_
6	мм	ммм	INTJ	_	_	5	nmod	_	_
7	/	/	PUNCT	_	_	8	punct	_	_
8	Романова	Романов	PROPN	_	Animacy=Anim|Case=Gen|Gender=Masc|Number=Sing	6	nmod	_	_
9	/	/	PUNCT	_	_	11	punct	_	_
10	я	я	PRON	_	Case=Nom|Number=Sing|Person=1	11	nsubj	_	_
11	зашел	зайти	VERB	_	Aspect=Perf|Gender=Masc|Mood=Ind|Number=Sing|Tense=Past|VerbForm=Fin|Voice=Act	4	parataxis	_	_
12	в	в	ADP	_	_	13	case	_	_
13	комментарии	комментарий	NOUN	_	Animacy=Inan|Case=Loc|Gender=Masc|Number=Plur	11	obl	_	_
14	/	/	PUNCT	_	_	20	punct	_	_
15	и	и	CCONJ	_	_	20	cc	_	_
16	/	/	PUNCT	_	_	20	punct	_	_
17	там	там	ADV	_	_	20	advmod	_	_
18	человек	человек	NOUN	_	Animacy=Anim|Case=Nom|Gender=Masc|Number=Sing	20	nsubj	_	_
19	просто	просто	PART	_	_	20	advmod	_	_
20	озвучил	озвучить	VERB	_	Aspect=Perf|Gender=Masc|Mood=Ind|Number=Sing|Tense=Past|VerbForm=Fin|Voice=Act	11	conj	_	_
21	мои	мой	DET	_	Case=Acc|Number=Plur	22	det	_	_
22	мысли	мысль	NOUN	_	Animacy=Inan|Case=Acc|Gender=Fem|Number=Plur	41	nsubj	_	_
23	/	/	PUNCT	_	_	22	punct	_	_
24	так	так	ADV	_	_	41	advmod	_	_
25	/	/	PUNCT	_	_	29	punct	_	_
26	и	и	PART	_	_	29	cc	_	_
27	не	не	PART	_	_	29	advmod	_	_
28	был	быть	AUX	_	Aspect=Imp|Gender=Masc|Mood=Ind|Number=Sing|Tense=Past|VerbForm=Fin|Voice=Act	29	aux:pass	_	_
29	задан	задать	VERB	_	Aspect=Perf|Gender=Masc|Number=Sing|Tense=Past|Variant=Short|VerbForm=Part|Voice=Pass	24	conj	_	_
30	вопрос	вопрос	NOUN	_	Animacy=Inan|Case=Nom|Gender=Masc|Number=Sing	29	nsubj:pass	_	_
31	/	/	PUNCT	_	_	32	punct	_	_
32	аа	а	CCONJ	_	_	30	nmod	_	_
33	/	/	PUNCT	_	_	35	punct	_	_
34	сколько	сколько	NUM	_	_	35	nummod:gov	_	_
35	дней	день	NOUN	_	Animacy=Inan|Case=Gen|Gender=Masc|Number=Plur	32	nmod	_	_
36	/	/	PUNCT	_	_	39	punct	_	_
37	после	после	ADP	_	_	39	case	_	_
38	своих	свой	DET	_	Case=Gen|Number=Plur	39	det	_	_
39	стендапов	стендап	NOUN	_	Animacy=Inan|Case=Gen|Gender=Masc|Number=Plur	35	nmod	_	_
40	Сабурову	Сабуров	PROPN	_	Animacy=Anim|Case=Dat|Gender=Masc|Number=Sing	39	iobj	_	_
41	приходится	приходиться	VERB	_	Aspect=Imp|Mood=Ind|Number=Sing|Person=3|Tense=Pres|VerbForm=Fin|Voice=Mid	20	advcl	_	_
42	спать	спать	VERB	_	Aspect=Imp|VerbForm=Inf|Voice=Act	41	xcomp	_	_
43	на	на	ADP	_	_	44	case	_	_
44	диване	диван	NOUN	_	Animacy=Inan|Case=Loc|Gender=Masc|Number=Sing	42	obl	_	_
45	ты	ты	PRON	_	Case=Nom|Number=Sing|Person=2	42	obj	_	_
46	жестко	жестко	ADV	_	Degree=Pos	50	advmod	_	_
47	/	/	PUNCT	_	_	48	punct	_	_
48	фигачишь	фигачить	VERB	_	Aspect=Imp|Mood=Ind|Number=Sing|Person=2|Tense=Pres|VerbForm=Fin|Voice=Act	46	parataxis	_	_
49	/	/	PUNCT	_	_	48	punct	_	_
50	свою	свой	DET	_	Case=Acc|Gender=Fem|Number=Sing	45	det	_	_
51	/	/	PUNCT	_	_	52	punct	_	_
52	жену	жена	NOUN	_	Animacy=Anim|Case=Acc|Gender=Fem|Number=Sing	45	appos	_	_
53	у	у	ADP	_	_	54	case	_	_
54	Нурлана	Нурлан	PROPN	_	Animacy=Anim|Case=Gen|Gender=Masc|Number=Sing	52	nmod	_	_
55	кстати	кстати	PRED	_	_	59	advmod	_	_
56	красотка	красотка	NOUN	_	Animacy=Inan|Case=Nom|Gender=Fem|Number=Sing	59	nsubj	_	_
57	жена	жена	NOUN	_	Animacy=Anim|Case=Nom|Gender=Fem|Number=Sing	56	nmod	_	_
58	/	/	PUNCT	_	_	57	punct	_	_
59	можете	мочь	VERB	_	Aspect=Imp|Mood=Ind|Number=Plur|Person=2|Tense=Pres|VerbForm=Fin|Voice=Act	41	parataxis	_	_
60	посмотреть	посмотреть	VERB	_	Aspect=Perf|VerbForm=Inf|Voice=Act	59	xcomp	_	_
61	на	на	ADP	_	_	65	case	_	_
62	вот	вот	PART	_	_	63	advmod	_	_
63	эти	этот	DET	_	Case=Acc|Number=Plur	65	det	_	_
64	все	весь	DET	_	Case=Acc|Number=Plur	65	det	_	_
65	фотографии	фотография	NOUN	_	Animacy=Inan|Case=Acc|Gender=Fem|Number=Plur	60	obl	_	_
66	ты	ты	PRON	_	Case=Nom|Number=Sing|Person=2	69	nsubj	_	_
67	просто	просто	PART	_	_	68	advmod	_	_
68	жестко	жестко	ADV	_	Degree=Pos	69	advmod	_	_
69	фигачишь	фигачить	VERB	_	Aspect=Imp|Mood=Ind|Number=Sing|Person=2|Tense=Pres|VerbForm=Fin|Voice=Act	4	conj	_	_
70	её	она	PRON	_	Case=Acc|Gender=Fem|Number=Sing|Person=3	69	obj	_	_
71	/	/	PUNCT	_	_	73	punct	_	_
72	про	про	ADP	_	_	73	case	_	_
73	то	тот	DET	_	Case=Acc|Gender=Neut|Number=Sing	70	acl	_	_
74	что	что	SCONJ	_	_	76	obj	_	_
75	ей	она	PRON	_	Case=Dat|Gender=Fem|Number=Sing|Person=3	76	iobj	_	_
76	делали	делать	VERB	_	Aspect=Imp|Mood=Ind|Number=Plur|Tense=Past|VerbForm=Fin|Voice=Act	60	xcomp	_	_
77	пересадку	пересадка	NOUN	_	Animacy=Inan|Case=Acc|Gender=Fem|Number=Sing	76	obj	_	_
78	мозга	мозг	NOUN	_	Animacy=Inan|Case=Gen|Gender=Masc|Number=Sing	77	nmod	_	_
79	/	/	PUNCT	_	_	76	punct	_	_
80	про	про	ADP	_	_	81	case	_	_
81	то	тот	DET	_	Case=Acc|Gender=Neut|Number=Sing	76	obl	_	_
82	что	что	SCONJ	_	_	81	fixed	_	_
83	она	она	PRON	_	Case=Nom|Gender=Fem|Number=Sing|Person=3	84	nsubj	_	_
84	недалекая	недалекий	ADJ	_	Case=Nom|Degree=Pos|Gender=Fem|Number=Sing	81	acl	_	_
85	/	/	PUNCT	_	_	84	punct	_	_
86	совершенно	совершенно	ADV	_	Degree=Pos	87	obl	_	_
87	чудовищные	чудовищный	ADJ	_	Case=Nom|Degree=Pos|Number=Plur	100	nsubj	_	_
88	если	если	SCONJ	_	_	91	mark	_	_
89	бы	бы	PART	_	_	91	aux	_	_
90	феминистки	феминистка	NOUN	_	Animacy=Anim|Case=Nom|Gender=Fem|Number=Plur	91	nsubj	_	_
91	смотрели	смотреть	VERB	_	Aspect=Imp|Mood=Ind|Number=Plur|Tense=Past|VerbForm=Fin|Voice=Act	100	advcl	_	_
92	твои	твой	DET	_	Case=Acc|Number=Plur	93	det	_	_
93	стендапы	стендап	NOUN	_	Animacy=Inan|Case=Acc|Gender=Masc|Number=Plur	91	obj	_	_
94	они	они	PRON	_	Case=Nom|Number=Plur|Person=3	97	nsubj	_	_
95	бы	бы	PART	_	_	97	aux	_	_
96	просто	просто	PART	_	_	97	advmod	_	_
97	тебя	ты	PRON	_	Case=Acc|Number=Sing|Person=2	91	obj	_	_
98	из	из	ADP	_	_	99	case	_	_
99	говномета	говномет	NOUN	_	Animacy=Inan|Case=Gen|Gender=Masc|Number=Sing	91	obl	_	_
100	расстреляли	расстрелять	VERB	_	Aspect=Perf|Mood=Ind|Number=Plur|Tense=Past|VerbForm=Fin|Voice=Act	84	conj	_	_
101	бы	бы	PART	_	_	100	aux	_	_
102	/	/	PUNCT	_	_	105	punct	_	_
103	за	за	ADP	_	_	105	case	_	_
104	мм	ммм	INTJ	_	_	105	amod	_	_
105	панч	панч	NOUN	_	Animacy=Inan|Case=Acc|Gender=Masc|Number=Sing	111	obl	_	_
106	/	/	PUNCT	_	_	111	punct	_	_
107	про	про	ADP	_	_	111	parataxis	_	_
108	/	/	PUNCT	_	_	107	punct	_	_
109	как-то	как-то	ADV	_	_	111	advmod	_	_
110	она	она	PRON	_	Case=Nom|Gender=Fem|Number=Sing|Person=3	111	nsubj	_	_
111	подошла	подойти	VERB	_	Aspect=Perf|Gender=Fem|Mood=Ind|Number=Sing|Tense=Past|VerbForm=Fin|Voice=Act	100	parataxis	_	_
112	ко	к	ADP	_	_	113	case	_	_
113	мне	я	PRON	_	Case=Dat|Number=Sing|Person=1	111	obl	_	_
114	и	и	CCONJ	_	_	115	cc	_	_
115	спросила	спросить	VERB	_	Aspect=Perf|Gender=Fem|Mood=Ind|Number=Sing|Tense=Past|VerbForm=Fin|Voice=Act	111	conj	_	_
116	/	/	PUNCT	_	_	119	punct	_	_
117	сколько	сколько	NUM	_	_	119	advmod	_	_
118	мы	мы	PRON	_	Case=Nom|Number=Plur|Person=1	119	nsubj	_	_
119	зарабатываем	зарабатывать	VERB	_	Aspect=Imp|Mood=Ind|Number=Plur|Person=1|Tense=Pres|VerbForm=Fin|Voice=Act	115	ccomp	_	_
120	мы	мы	PRON	_	Case=Nom|Number=Plur|Person=1	121	nsubj	_	_
121	зарабатываем	зарабатывать	VERB	_	Aspect=Imp|Mood=Ind|Number=Plur|Person=1|Tense=Pres|VerbForm=Fin|Voice=Act	119	ccomp	_	_
122	?	?	PUNCT	_	_	121	punct	_	_
123	/	/	PUNCT	_	_	133	punct	_	_
124	вот	вот	PART	_	_	126	advmod	_	_
125	за	за	ADP	_	_	126	case	_	_
126	это	этот	DET	_	Case=Acc|Gender=Neut|Number=Sing	133	obl	_	_
127	просто	просто	PART	_	_	128	advmod	_	_
128	з...	за	ADP	_	_	133	iobj	_	_
129	даже	даже	PART	_	_	130	advmod	_	_
130	я	я	PRON	_	Case=Nom|Number=Sing|Person=1	133	nsubj:pass	_	_
131	этим	этот	DET	_	Case=Ins|Gender=Neut|Number=Sing	133	obl	_	_
132	был	быть	AUX	_	Aspect=Imp|Gender=Masc|Mood=Ind|Number=Sing|Tense=Past|VerbForm=Fin|Voice=Act	133	aux:pass	_	_
133	возмущен	возмутить	VERB	_	Aspect=Perf|Gender=Masc|Number=Sing|Tense=Past|Variant=Short|VerbForm=Part|Voice=Pass	134	parataxis	_	_
134	понимаешь	понимать	VERB	_	Aspect=Imp|Mood=Ind|Number=Sing|Person=2|Tense=Pres|VerbForm=Fin|Voice=Act	121	conj	_	_
135	/	/	PUNCT	_	_	137	punct	_	_
136	когда	когда	SCONJ	_	_	137	mark	_	_
137	смотрел	смотреть	VERB	_	Aspect=Imp|Gender=Masc|Mood=Ind|Number=Sing|Tense=Past|VerbForm=Fin|Voice=Act	134	advcl	_	_
138	как	как	ADV	_	_	139	advmod	_	_
139	реагирует	реагировать	VERB	_	Aspect=Imp|Mood=Ind|Number=Sing|Person=3|Tense=Pres|VerbForm=Fin|Voice=Act	149	parataxis	_	_
140	/	/	PUNCT	_	_	142	punct	_	_
141	прекрасная	прекрасный	ADJ	_	Case=Nom|Degree=Pos|Gender=Fem|Number=Sing	142	amod	_	_
142	Диана	Диана	PROPN	_	Animacy=Anim|Case=Nom|Gender=Fem|Number=Sing	139	obl	_	_
143	?	?	PUNCT	_	_	139	punct	_	_
144	аа	а	CCONJ	_	_	149	nsubj	_	_
145	как	как	ADV	_	_	147	mark	_	_
146	ты	ты	PRON	_	Case=Nom|Number=Sing|Person=2	147	nsubj	_	_
147	думаешь	думать	VERB	_	Aspect=Imp|Mood=Ind|Number=Sing|Person=2|Tense=Pres|VerbForm=Fin|Voice=Act	149	advcl	_	_
148	её	она	PRON	_	Case=Acc|Gender=Fem|Number=Sing|Person=3	149	obj	_	_
149	заводит	заводить	VERB	_	Aspect=Imp|Mood=Ind|Number=Sing|Person=3|Tense=Pres|VerbForm=Fin|Voice=Act	137	conj	_	_
150	что	что	SCONJ	_	_	152	mark	_	_
151	ты	ты	PRON	_	Case=Nom|Number=Sing|Person=2	152	nsubj	_	_
152	издеваешься	издеваться	VERB	_	Aspect=Imp|Mood=Ind|Number=Sing|Person=2|Tense=Pres|VerbForm=Fin|Voice=Mid	149	advcl	_	_
153	над	над	ADP	_	_	154	case	_	_
154	ней	она	PRON	_	Case=Ins|Gender=Fem|Number=Sing|Person=3	152	obl	_	_
155	так	так	ADV	_	_	152	conj	_	_
156	?	?	PUNCT	_	_	155	punct	_	_
157	тесть	тесть	NOUN	_	Animacy=Anim|Case=Nom|Gender=Masc|Number=Sing	155	nsubj	_	_
158	и	и	CCONJ	_	_	159	cc	_	_
159	тёща	тёща	NOUN	_	Animacy=Anim|Case=Nom|Gender=Fem|Number=Sing	157	conj	_	_
160	/	/	PUNCT	_	_	163	punct	_	_
161	как	как	ADV	_	_	163	mark	_	_
162	они	они	PRON	_	Case=Nom|Number=Plur|Person=3	163	nsubj	_	_
163	относятся	относиться	VERB	_	Aspect=Imp|Mood=Ind|Number=Plur|Person=3|Tense=Pres|VerbForm=Fin|Voice=Mid	159	acl	_	_
164	к	к	ADP	_	_	165	case	_	_
165	этому	этот	DET	_	Case=Dat|Gender=Neut|Number=Sing	163	obl	_	_
166	?	?	PUNCT	_	_	163	punct	_	_
167	обычно	обычно	ADV	_	Degree=Pos	163	advmod	_	_
168	/	/	PUNCT	_	_	172	punct	_	_
169	ты	ты	PRON	_	Case=Nom|Number=Sing|Person=2	172	nsubj	_	_
170	её	она	PRON	_	Case=Acc|Gender=Fem|Number=Sing|Person=3	172	obj	_	_
171	жёстко	жёстко	ADV	_	Degree=Pos	172	advmod	_	_
172	стебёшь	стебать	VERB	_	Aspect=Imp|Mood=Ind|Number=Sing|Person=2|Tense=Pres|VerbForm=Fin|Voice=Act	163	parataxis	_	_
173	а	а	CCONJ	_	_	174	cc	_	_
174	скажи	сказать	VERB	_	Aspect=Perf|Mood=Imp|Number=Sing|Person=2|VerbForm=Fin|Voice=Act	172	conj	_	_
175	щас	щас	ADV	_	_	174	xcomp	_	_
176	что-нибудь	что-нибудь	PRON	_	Case=Acc	194	obj	_	_
177	про	про	ADP	_	_	178	case	_	_
178	неё	она	PRON	_	Case=Acc|Gender=Fem|Number=Sing|Person=3	194	obl	_	_
179	/	/	PUNCT	_	_	180	punct	_	_
180	аа	ааа	INTJ	_	_	194	nsubj	_	_
181	/	/	PUNCT	_	_	184	punct	_	_
182	серьёзное	серьезный	ADJ	_	Case=Acc|Degree=Pos|Gender=Neut|Number=Sing	184	amod	_	_
183	и	и	CCONJ	_	_	184	cc	_	_
184	настоящее	настоящий	ADJ	_	Case=Acc|Degree=Pos|Gender=Neut|Number=Sing	180	nmod	_	_
185	#усмешка#	#усмешка#	X	_	_	184	nmod	_	_
186	ни	ни	PART	_	_	187	advmod	_	_
187	одного	один	NUM	_	Case=Gen|Gender=Masc	188	nummod	_	_
188	она	она	PRON	_	Case=Nom|Gender=Fem|Number=Sing|Person=3	184	nmod	_	_
189	ааа	ааа	INTJ	_	_	188	nmod	_	_
190	/	/	PUNCT	_	_	184	punct	_	_
191	прекрасно	прекрасно	ADV	_	Degree=Pos	194	advmod	_	_
192	к	к	ADP	_	_	193	case	_	_
193	этому	этот	DET	_	Case=Dat|Gender=Neut|Number=Sing	194	obl	_	_
194	относится	относиться	VERB	_	Aspect=Imp|Mood=Ind|Number=Sing|Person=3|Tense=Pres|VerbForm=Fin|Voice=Mid	175	xcomp	_	_
195	более	более	ADV	_	Degree=Cmp	196	nummod:gov	_	_
196	того	тот	DET	_	Animacy=Inan|Case=Gen|Gender=Neut|Number=Sing	198	obl	_	_
197	сама	сам	DET	_	Case=Nom|Gender=Fem|Number=Sing	198	obl	_	_
198	похихикивает	похихикивать	VERB	_	Aspect=Imp|Mood=Ind|Number=Sing|Person=3|Tense=Pres|VerbForm=Fin|Voice=Act	200	conj	_	_
199	/	/	PUNCT	_	_	200	punct	_	_
200	приходит	приходить	VERB	_	Aspect=Imp|Mood=Ind|Number=Sing|Person=3|Tense=Pres|VerbForm=Fin|Voice=Act	194	parataxis	_	_
201	на	на	ADP	_	_	204	case	_	_
202	мои	мой	DET	_	Case=Acc|Number=Plur	204	det	_	_
203	проверочные	проверочный	ADJ	_	Case=Acc|Degree=Pos|Number=Plur	204	amod	_	_
204	концерты	концерт	NOUN	_	Animacy=Inan|Case=Acc|Gender=Masc|Number=Plur	200	obl	_	_
205	проверочные	проверочный	ADJ	_	Case=Acc|Degree=Pos|Number=Plur	206	amod	_	_
206	выступления	выступление	NOUN	_	Animacy=Inan|Case=Acc|Gender=Neut|Number=Plur	200	obj	_	_
207	/	/	PUNCT	_	_	212	punct	_	_
208	первая	первый	ADJ	_	Case=Nom|Degree=Pos|Gender=Fem|Number=Sing	209	amod	_	_
209	эт...	этот	DET	_	Case=Acc|Gender=Neut|Number=Sing	212	nsubj	_	_
210	об	о	ADP	_	_	211	case	_	_
211	этом	этот	DET	_	Case=Loc|Gender=Neut|Number=Sing	212	obl	_	_
212	слышит	слышать	VERB	_	Aspect=Imp|Mood=Ind|Number=Sing|Person=3|Tense=Pres|VerbForm=Fin|Voice=Act	200	conj	_	_
213	поэтому	поэтому	ADV	_	_	212	advmod	_	_
214	все	весь	DET	_	Case=Nom|Number=Plur	216	det	_	_
215	эти	этот	DET	_	Case=Nom|Number=Plur	216	det	_	_
216	комментарии	комментарий	NOUN	_	Animacy=Inan|Case=Nom|Gender=Masc|Number=Plur	224	obj	_	_
217	даже	даже	PART	_	_	219	advmod	_	_
218	для	для	ADP	_	_	219	case	_	_
219	неё	она	PRON	_	Case=Gen|Gender=Fem|Number=Sing|Person=3	224	obl	_	_
220	/	/	PUNCT	_	_	219	punct	_	_
221	ну	ну	PART	_	_	223	parataxis	_	_
222	/	/	PUNCT	_	_	221	punct	_	_
223	глупо	глупо	ADV	_	Degree=Pos	224	advmod	_	_
224	звучат	звучать	VERB	_	Aspect=Imp|Mood=Ind|Number=Plur|Person=3|Tense=Pres|VerbForm=Fin|Voice=Act	212	xcomp	_	_
225	поэтому	поэтому	ADV	_	_	224	advmod	_	_
226	те	тот	DET	_	Case=Nom|Number=Plur	227	det	_	_
227	люди	человек	NOUN	_	Animacy=Anim|Case=Nom|Gender=Masc|Number=Plur	230	nsubj	_	_
228	которые	который	DET	_	Case=Acc|Number=Plur	194	obj	_	_
229	её	она	PRON	_	Case=Acc|Gender=Fem|Number=Sing|Person=3	230	obj	_	_
230	хотят	хотеть	VERB	_	Aspect=Imp|Mood=Ind|Number=Plur|Person=3|Tense=Pres|VerbForm=Fin|Voice=Act	212	advcl	_	_
231	защитить	защитить	VERB	_	Aspect=Perf|VerbForm=Inf|Voice=Act	230	xcomp	_	_
232	почему-то	почему-то	ADV	_	_	231	advmod	_	_
233	/	/	PUNCT	_	_	237	punct	_	_
234	она	она	PRON	_	Case=Nom|Gender=Fem|Number=Sing|Person=3	237	nsubj	_	_
235	к	к	ADP	_	_	236	case	_	_
236	ним	они	PRON	_	Case=Dat|Number=Plur|Person=3	237	obl	_	_
237	относится	относиться	VERB	_	Aspect=Imp|Mood=Ind|Number=Sing|Person=3|Tense=Pres|VerbForm=Fin|Voice=Mid	231	conj	_	_
238	нуу	ну	PART	_	_	256	iobj	_	_
239	весьма	весьма	ADV	_	_	240	advmod	_	_
240	так	так	ADV	_	_	256	advmod	_	_
241	себе	себя	PRON	_	Case=Dat	240	obl	_	_
242	поэтому	поэтому	ADV	_	_	256	advmod	_	_
243	у	у	ADP	_	_	244	case	_	_
244	нас	мы	PRON	_	Case=Gen|Number=Plur|Person=1	256	obl	_	_
245	/	/	PUNCT	_	_	244	punct	_	_
246	прекрасные	прекрасный	ADJ	_	Case=Nom|Degree=Pos|Number=Plur	247	amod	_	_
247	отношения	отношение	NOUN	_	Animacy=Inan|Case=Nom|Gender=Neut|Number=Plur	256	nsubj	_	_
248	за	за	ADP	_	_	249	case	_	_
249	исключением	исключение	NOUN	_	Animacy=Inan|Case=Ins|Gender=Neut|Number=Sing	247	nmod	_	_
250	ну	ну	PART	_	_	255	discourse	_	_
251	как	как	SCONJ	_	_	255	mark	_	_
252	и	и	PART	_	_	255	advmod	_	_
253	у	у	ADP	_	_	255	case	_	_
254	многих	многий	DET	_	Case=Gen|Number=Plur	255	amod	_	_
255	людей	человек	NOUN	_	Animacy=Anim|Case=Gen|Gender=Masc|Number=Plur	249	nmod	_	_
256	есть	быть	VERB	_	Aspect=Imp|Mood=Ind|Number=Plur|Person=3|Tense=Pres|VerbForm=Fin|Voice=Act	237	conj	_	_
257	сложности	сложность	NOUN	_	Animacy=Inan|Case=Nom|Gender=Fem|Number=Plur	256	nsubj	_	_
258	и	и	CCONJ	_	_	268	cc	_	_
259	так	так	ADV	_	_	258	fixed	_	_
260	далее	далее	ADV	_	_	258	fixed	_	_
261	но	но	CCONJ	_	_	268	cc	_	_
262	/	/	PUNCT	_	_	268	punct	_	_
263	именно	именно	PART	_	_	264	advmod	_	_
264	этот	этот	DET	_	Case=Nom|Gender=Masc|Number=Sing	265	det	_	_
265	аспект	аспект	NOUN	_	Animacy=Inan|Case=Nom|Gender=Masc|Number=Sing	268	nsubj	_	_
266	её	она	PRON	_	Case=Gen|Gender=Fem|Number=Sing|Person=3	268	obl	_	_
267	не	не	PART	_	_	268	advmod	_	_
268	смущает	смущать	VERB	_	Aspect=Imp|Mood=Ind|Number=Sing|Person=3|Tense=Pres|VerbForm=Fin|Voice=Act	256	conj	_	_
269	даже	даже	PART	_	_	271	advmod	_	_
270	не	не	PART	_	_	271	advmod	_	_
271	было	быть	VERB	_	Aspect=Imp|Gender=Neut|Mood=Ind|Number=Sing|Tense=Past|VerbForm=Fin|Voice=Act	268	advcl	_	_
272	моментов	момент	NOUN	_	Animacy=Inan|Case=Gen|Gender=Masc|Number=Plur	271	obl	_	_
273	ты	ты	PRON	_	Case=Nom|Number=Sing|Person=2	272	nmod	_	_
274	/	/	PUNCT	_	_	273	punct	_	_
275	следующий	следующий	ADJ	_	Case=Nom|Degree=Pos|Gender=Masc|Number=Sing	276	amod	_	_
276	вопрос	вопрос	NOUN	_	Animacy=Inan|Case=Nom|Gender=Masc|Number=Sing	290	nsubj	_	_
277	уже	уже	ADV	_	_	278	advmod	_	_
278	подразумеваешь	подразумевать	VERB	_	Aspect=Imp|Mood=Ind|Number=Sing|Person=2|Tense=Pres|VerbForm=Fin|Voice=Act	292	acl	_	_
279	что	что	SCONJ	_	_	278	obj	_	_
280	были	быть	VERB	_	Aspect=Imp|Mood=Ind|Number=Plur|Tense=Past|VerbForm=Fin|Voice=Act	290	cop	_	_
281	ли	ли	PART	_	_	290	advmod	_	_
282	моменты	момент	NOUN	_	Animacy=Inan|Case=Nom|Gender=Masc|Number=Plur	290	nsubj	_	_
283	когда	когда	SCONJ	_	_	285	mark	_	_
284	она	она	PRON	_	Case=Nom|Gender=Fem|Number=Sing|Person=3	285	nsubj	_	_
285	говорит	говорить	VERB	_	Aspect=Imp|Mood=Ind|Number=Sing|Person=3|Tense=Pres|VerbForm=Fin|Voice=Act	290	advcl	_	_
286	эту	этот	DET	_	Case=Acc|Gender=Fem|Number=Sing	287	det	_	_
287	шутку	шутка	NOUN	_	Animacy=Inan|Case=Acc|Gender=Fem|Number=Sing	285	obj	_	_
288	убери	убрать	VERB	_	Aspect=Perf|Mood=Imp|Number=Sing|Person=2|VerbForm=Fin|Voice=Act	287	nmod	_	_
289	/	/	PUNCT	_	_	285	punct	_	_
290	нет	нет	PART	_	_	271	conj	_	_
291	шикарная	шикарный	ADJ	_	Case=Nom|Degree=Pos|Gender=Fem|Number=Sing	292	amod	_	_
292	женщина	женщина	NOUN	_	Animacy=Anim|Case=Nom|Gender=Fem|Number=Sing	296	nsubj	_	_
293	потому	потому	ADV	_	_	296	mark	_	_
294	что	что	SCONJ	_	_	293	fixed	_	_
295	не	не	PART	_	_	296	advmod	_	_
296	знаю	знать	VERB	_	Aspect=Imp|Mood=Ind|Number=Sing|Person=1|Tense=Pres|VerbForm=Fin|Voice=Act	290	advcl	_	_
297	не	не	PART	_	_	298	advmod	_	_
298	знаю	знать	VERB	_	Aspect=Imp|Mood=Ind|Number=Sing|Person=1|Tense=Pres|VerbForm=Fin|Voice=Act	296	xcomp	_	_
299	я	я	PRON	_	Case=Nom|Number=Sing|Person=1	300	nsubj	_	_
300	думаю	думать	VERB	_	Aspect=Imp|Mood=Ind|Number=Sing|Person=1|Tense=Pres|VerbForm=Fin|Voice=Act	296	conj	_	_
301	впервоочередно	впервоочередно	ADV	_	_	300	advmod	_	_
302	это	этот	DET	_	Case=Nom|Gender=Neut|Number=Sing	307	nsubj	_	_
303	потому	потому	ADV	_	_	307	mark	_	_
304	что	что	SCONJ	_	_	303	fixed	_	_
305	она	она	PRON	_	Case=Nom|Gender=Fem|Number=Sing|Person=3	307	nsubj	_	_
306	меня	я	PRON	_	Case=Acc|Number=Sing|Person=1	307	obj	_	_
307	любит	любить	VERB	_	Aspect=Imp|Mood=Ind|Number=Sing|Person=3|Tense=Pres|VerbForm=Fin|Voice=Act	300	advcl	_	_
308	#смех#	#смех#	X	_	_	307	obl	_	_
309	и	и	CCONJ	_	_	311	cc	_	_
310	она	она	PRON	_	Case=Nom|Gender=Fem|Number=Sing|Person=3	311	nsubj	_	_
311	понимает	понимать	VERB	_	Aspect=Imp|Mood=Ind|Number=Sing|Person=3|Tense=Pres|VerbForm=Fin|Voice=Act	307	conj	_	_
312	что	что	SCONJ	_	_	311	obj	_	_
313	/	/	PUNCT	_	_	319	punct	_	_
314	и	и	CCONJ	_	_	319	cc	_	_
315	/	/	PUNCT	_	_	319	punct	_	_
316	ну	ну	PART	_	_	319	parataxis	_	_
317	я	я	PRON	_	Case=Nom|Number=Sing|Person=1	319	nsubj	_	_
318	её	она	PRON	_	Case=Acc|Gender=Fem|Number=Sing|Person=3	319	obl	_	_
319	люблю	любить	VERB	_	Aspect=Imp|Mood=Ind|Number=Sing|Person=1|Tense=Pres|VerbForm=Fin|Voice=Act	311	conj	_	_
320	просто	просто	PART	_	_	319	advmod	_	_
321	/	/	PUNCT	_	_	324	punct	_	_
322	иногда	иногда	ADV	_	_	324	advmod	_	_
323	я	я	PRON	_	Case=Nom|Number=Sing|Person=1	324	nsubj	_	_
324	утрирую	утрировать	VERB	_	Aspect=Imp|Mood=Ind|Number=Sing|Person=1|Tense=Pres|VerbForm=Fin|Voice=Act	319	ccomp	_	_
325	её	её	DET	_	Case=Acc|Gender=Fem|Number=Sing	324	obj	_	_
326	/	/	PUNCT	_	_	328	punct	_	_
327	какие-то	какой-то	DET	_	Case=Acc|Number=Plur	328	det	_	_
328	минусы	минус	NOUN	_	Animacy=Inan|Case=Acc|Gender=Masc|Number=Plur	324	obl	_	_
329	/	/	PUNCT	_	_	328	punct	_	_
330	утрирую	утрировать	VERB	_	Aspect=Imp|Mood=Ind|Number=Sing|Person=1|Tense=Pres|VerbForm=Fin|Voice=Act	324	conj	_	_
331	а	а	CCONJ	_	_	334	cc	_	_
332	иногда	иногда	ADV	_	_	334	advmod	_	_
333	не	не	PART	_	_	334	advmod	_	_
334	утрирую	утрировать	VERB	_	Aspect=Imp|Mood=Ind|Number=Sing|Person=1|Tense=Pres|VerbForm=Fin|Voice=Act	330	conj	_	_
335	иногда	иногда	ADV	_	_	334	advmod	_	_
336	она	она	PRON	_	Case=Nom|Gender=Fem|Number=Sing|Person=3	334	nsubj	_	_
337	ну	ну	PART	_	_	339	discourse	_	_
338	реально	реально	ADV	_	Degree=Pos	339	advmod	_	_
339	ээ	эээ	INTJ	_	_	334	advmod	_	_
340	/	/	PUNCT	_	_	341	punct	_	_
341	удивляет	удивлять	VERB	_	Aspect=Imp|Mood=Ind|Number=Sing|Person=3|Tense=Pres|VerbForm=Fin|Voice=Act	334	conj	_	_
342	меня	я	PRON	_	Case=Acc|Number=Sing|Person=1	341	obj	_	_
343	своим...	свой	DET	_	Case=Ins|Gender=Masc|Number=Sing	341	obl	_	_
344	/	/	PUNCT	_	_	347	punct	_	_
345	своими	свой	DET	_	Case=Ins|Number=Plur	347	det	_	_
346	какими-то	какой-то	DET	_	Case=Ins|Number=Plur	347	det	_	_
347	вопросами	вопрос	NOUN	_	Animacy=Inan|Case=Ins|Gender=Masc|Number=Plur	374	obl	_	_
348	или	или	CCONJ	_	_	349	cc	_	_
349	фразами	фраза	NOUN	_	Animacy=Inan|Case=Ins|Gender=Fem|Number=Plur	347	conj	_	_
350	/	/	PUNCT	_	_	352	punct	_	_
351	или	или	CCONJ	_	_	352	cc	_	_
352	поступками	поступок	NOUN	_	Animacy=Inan|Case=Ins|Gender=Masc|Number=Plur	349	conj	_	_
353	когда	когда	SCONJ	_	_	355	mark	_	_
354	я	я	PRON	_	Case=Nom|Number=Sing|Person=1	355	nsubj	_	_
355	говорил	говорить	VERB	_	Aspect=Imp|Gender=Masc|Mood=Ind|Number=Sing|Tense=Past|VerbForm=Fin|Voice=Act	359	advcl	_	_
356	что	что	SCONJ	_	_	359	mark	_	_
357	она	она	PRON	_	Case=Nom|Gender=Fem|Number=Sing|Person=3	359	nsubj	_	_
358	/	/	PUNCT	_	_	357	punct	_	_
359	подожгла	поджечь	VERB	_	Aspect=Perf|Gender=Fem|Mood=Ind|Number=Sing|Tense=Past|VerbForm=Fin|Voice=Act	374	advcl	_	_
360	матрас	матрас	NOUN	_	Animacy=Inan|Case=Acc|Gender=Masc|Number=Sing	359	obj	_	_
361	/	/	PUNCT	_	_	365	punct	_	_
362	феном	фен	ADJ	_	Animacy=Inan|Case=Ins|Gender=Masc|Number=Sing	365	amod	_	_
363	это	это	PART	_	_	365	nsubj	_	_
364	не	не	PART	_	_	365	advmod	_	_
365	выдумка	выдумка	NOUN	_	Animacy=Inan|Case=Nom|Gender=Fem|Number=Sing	360	appos	_	_
366	подожгла	поджечь	VERB	_	Aspect=Perf|Gender=Fem|Mood=Ind|Number=Sing|Tense=Past|VerbForm=Fin|Voice=Act	374	advcl	_	_
367	матрас	матрас	NOUN	_	Animacy=Inan|Case=Acc|Gender=Masc|Number=Sing	366	obj	_	_
368	вся	весь	DET	_	Case=Nom|Gender=Fem|Number=Sing	369	det	_	_
369	квартира	квартира	NOUN	_	Animacy=Inan|Case=Nom|Gender=Fem|Number=Sing	374	obj	_	_
370	в	в	ADP	_	_	371	case	_	_
371	дыму	дым	NOUN	_	Animacy=Inan|Case=Loc|Gender=Masc|Number=Sing	374	obl	_	_
372	она	она	PRON	_	Case=Nom|Gender=Fem|Number=Sing|Person=3	374	nsubj	_	_
373	мне	я	PRON	_	Case=Dat|Number=Sing|Person=1	374	iobj	_	_
374	звонит	звонить	VERB	_	Aspect=Imp|Mood=Ind|Number=Sing|Person=3|Tense=Fut|VerbForm=Fin|Voice=Act	343	acl	_	_
375	/	/	PUNCT	_	_	377	punct	_	_
376	первое	первый	ADJ	_	Case=Nom|Degree=Pos|Gender=Neut|Number=Sing	377	amod	_	_
377	апреля	апрель	NOUN	_	Animacy=Inan|Case=Gen|Gender=Masc|Number=Sing	374	obl	_	_
378	/	/	PUNCT	_	_	381	punct	_	_
379	она	она	PRON	_	Case=Nom|Gender=Fem|Number=Sing|Person=3	381	nsubj	_	_
380	мне	я	PRON	_	Case=Dat|Number=Sing|Person=1	381	iobj	_	_
381	звонит	звонить	VERB	_	Aspect=Imp|Mood=Ind|Number=Sing|Person=3|Tense=Fut|VerbForm=Fin|Voice=Act	374	conj	_	_
382	и	и	CCONJ	_	_	383	cc	_	_
383	говорит	говорить	VERB	_	Aspect=Imp|Mood=Ind|Number=Sing|Person=3|Tense=Pres|VerbForm=Fin|Voice=Act	374	conj	_	_
384	у	у	ADP	_	_	385	case	_	_
385	нас	мы	PRON	_	Case=Gen|Number=Plur|Person=1	383	obl	_	_
386	матрас	матрас	NOUN	_	Animacy=Inan|Case=Nom|Gender=Masc|Number=Sing	383	nsubj	_	_
387	горит	гореть	VERB	_	Aspect=Imp|Mood=Ind|Number=Sing|Person=3|Tense=Pres|VerbForm=Fin|Voice=Act	383	conj	_	_
388	дома	дома	ADV	_	_	387	advmod	_	_
389	я	я	PRON	_	Case=Nom|Number=Sing|Person=1	387	nsubj	_	_
390	говорю	говорить	VERB	_	Aspect=Imp|Mood=Ind|Number=Sing|Person=1|Tense=Pres|VerbForm=Fin|Voice=Act	387	ccomp	_	_
391	/	/	PUNCT	_	_	392	punct	_	_
392	спасибо	спасибо	PART	_	_	390	nsubj	_	_
393	большое	большой	ADJ	_	Case=Nom|Degree=Pos|Gender=Neut|Number=Sing	392	amod	_	_
394	пока	пока	PART	_	_	396	mark	_	_
395	я	я	PRON	_	Case=Nom|Number=Sing|Person=1	396	nsubj	_	_
396	работаю	работать	VERB	_	Aspect=Imp|Mood=Ind|Number=Sing|Person=1|Tense=Pres|VerbForm=Fin|Voice=Act	390	ccomp	_	_
397	/	/	PUNCT	_	_	400	punct	_	_
398	даже	даже	PART	_	_	400	advmod	_	_
399	не	не	PART	_	_	400	advmod	_	_
400	обратил	обратить	VERB	_	Aspect=Perf|Gender=Masc|Mood=Ind|Number=Sing|Tense=Past|VerbForm=Fin|Voice=Act	390	conj	_	_
401	внимание	внимание	NOUN	_	Animacy=Inan|Case=Acc|Gender=Neut|Number=Sing	400	obj	_	_
402	она	она	PRON	_	Case=Nom|Gender=Fem|Number=Sing|Person=3	403	nsubj	_	_
403	говорит	говорить	VERB	_	Aspect=Imp|Mood=Ind|Number=Sing|Person=3|Tense=Pres|VerbForm=Fin|Voice=Act	406	parataxis	_	_
404	/	/	PUNCT	_	_	403	punct	_	_
405	не	не	PART	_	_	406	advmod	_	_
406	он	он	PRON	_	Case=Nom|Gender=Masc|Number=Sing|Person=3	400	nsubj	_	_
407	реально	реально	ADV	_	Degree=Pos	400	advmod	_	_
408	/	/	PUNCT	_	_	409	punct	_	_
409	дома	дом	ADV	_	_	407	conj	_	_
410	/	/	PUNCT	_	_	409	punct	_	_
411	пожар	пожар	NOUN	_	Animacy=Inan|Case=Nom|Gender=Masc|Number=Sing	413	nsubj	_	_
412	она	она	PRON	_	Case=Nom|Gender=Fem|Number=Sing|Person=3	413	nsubj	_	_
413	решила	решить	VERB	_	Aspect=Perf|Gender=Fem|Mood=Ind|Number=Sing|Tense=Past|VerbForm=Fin|Voice=Act	400	ccomp	_	_
414	/	/	PUNCT	_	_	415	punct	_	_
415	пролила	пролить	VERB	_	Aspect=Perf|Gender=Fem|Mood=Ind|Number=Sing|Tense=Past|VerbForm=Fin|Voice=Act	413	conj	_	_
416	чай	чай	NOUN	_	Animacy=Inan|Case=Acc|Gender=Masc|Number=Sing	415	obj	_	_
417	/	/	PUNCT	_	_	415	punct	_	_
418	и	и	CCONJ	_	_	419	cc	_	_
419	решила	решить	VERB	_	Aspect=Perf|Gender=Fem|Mood=Ind|Number=Sing|Tense=Past|VerbForm=Fin|Voice=Act	413	conj	_	_
420	феном	фен	NOUN	_	Animacy=Inan|Case=Ins|Gender=Masc|Number=Sing	419	obj	_	_
421	высушить	высушить	VERB	_	Aspect=Perf|VerbForm=Inf|Voice=Act	420	obl	_	_
422	матрас	матрас	NOUN	_	Animacy=Inan|Case=Acc|Gender=Masc|Number=Sing	421	obj	_	_
423	и	и	CCONJ	_	_	425	cc	_	_
424	такая	такой	DET	_	Case=Nom|Gender=Fem|Number=Sing	425	nsubj	_	_
425	думает	думать	VERB	_	Aspect=Imp|Mood=Ind|Number=Sing|Person=3|Tense=Pres|VerbForm=Fin|Voice=Act	413	conj	_	_
426	что-то	что-то	PART	_	_	425	obj	_	_
427	как-то	как-то	ADV	_	_	428	advmod	_	_
428	плохо	плохо	ADV	_	Degree=Pos	431	advmod	_	_
429	и	и	CCONJ	_	_	430	cc	_	_
430	/	/	PUNCT	_	_	428	conj	_	_
431	нажала	нажать	VERB	_	Aspect=Imp|Gender=Fem|Mood=Ind|Number=Sing|Tense=Past|VerbForm=Fin|Voice=Act	425	advmod	_	_
432	фен	фен	NOUN	_	Animacy=Inan|Case=Acc|Gender=Masc|Number=Sing	431	nsubj	_	_
433	на	на	ADP	_	_	434	case	_	_
434	матрас	матрас	NOUN	_	Animacy=Inan|Case=Acc|Gender=Masc|Number=Sing	431	obl	_	_
435	и	и	CCONJ	_	_	439	cc	_	_
436	вот	вот	PART	_	_	437	advmod	_	_
437	так	так	ADV	_	_	439	advmod	_	_
438	вот	вот	PART	_	_	439	advmod	_	_
439	херачила	херачить	VERB	_	Aspect=Imp|Gender=Fem|Mood=Ind|Number=Sing|Tense=Past|VerbForm=Fin|Voice=Act	431	conj	_	_
440	/	/	PUNCT	_	_	445	punct	_	_
441	что	что	PRON	_	Case=Nom	445	mark	_	_
442	внутри	внутри	ADV	_	_	445	advmod	_	_
443	что	что	PRON	_	Case=Nom	442	fixed	_	_
444	там	там	ADV	_	_	445	advmod	_	_
445	находится	находиться	VERB	_	Aspect=Imp|Mood=Ind|Number=Sing|Person=3|Tense=Pres|VerbForm=Fin|Voice=Mid	439	ccomp	_	_
446	/	/	PUNCT	_	_	447	punct	_	_
447	вата	вата	NOUN	_	Animacy=Inan|Case=Nom|Gender=Fem|Number=Sing|	445	conj	_	_
448	она	она	PRON	_	Case=Nom|Gender=Fem|Number=Sing|Person=3	447	nsubj	_	_
449	в...	в	ADP	_	_	448	appos	_	_
450	/	/	PUNCT	_	_	449	punct	_	_
451	просто	просто	PART	_	_	452	advmod	_	_
452	начала	начать	VERB	_	Aspect=Perf|Gender=Fem|Mood=Ind|Number=Sing|Tense=Past|VerbForm=Fin|Voice=Act	447	cop	_	_
453	дыметь	дыметь	VERB	_	Aspect=Imp|VerbForm=Inf|Voice=Act	452	xcomp	_	_
454	/	/	PUNCT	_	_	455	punct	_	_
455	тлеть	тлеть	VERB	_	Aspect=Imp|VerbForm=Inf|Voice=Act	453	xcomp	_	_
456	то	тот	DET	_	Case=Nom|Gender=Neut|Number=Sing				
457	есть	быть	VERB	_	Aspect=Imp|Mood=Ind|Number=Sing|Person=3|Tense=Pres|VerbForm=Fin|Voice=Act	455	obj	_	_
458	даже	даже	PART	_	_	458	advmod	_	_
459	не	не	PART	_	_	459	advmod	_	_
460	было	быть	VERB	_	Aspect=Imp|Gender=Neut|Mood=Ind|Number=Sing|Tense=Past|VerbForm=Fin|Voice=Act	455	conj	_	_
461	огня	огонь	NOUN	_	Animacy=Inan|Case=Gen|Gender=Masc|Number=Sing	462	nmod	_	_
462	просто	просто	PART	_	_	462	advmod	_	_
463	тлеть	тлеть	VERB	_	Aspect=Imp|VerbForm=Inf|Voice=Act	459	nsubj	_	_
464	/	/	PUNCT	_	_	464	punct	_	_
465	идёт	идти	VERB	_	Aspect=Imp|Mood=Ind|Number=Sing|Person=3|Tense=Pres|VerbForm=Fin|Voice=Act	471	parataxis	_	_
466	дым	дым	NOUN	_	Animacy=Inan|Case=Nom|Gender=Masc|Number=Sing	471	nsubj	_	_
467	/	/	PUNCT	_	_	469	punct	_	_
468	она	она	PRON	_	Case=Nom|Gender=Fem|Number=Sing|Person=3	469	nsubj	_	_
469	не	не	PART	_	_	469	advmod	_	_
470	понимает	понимать	VERB	_	Aspect=Imp|Mood=Ind|Number=Sing|Person=3|Tense=Pres|VerbForm=Fin|Voice=Act	471	parataxis	_	_
471	чё	че	PRON	_	Animacy=Inan|Case=Nom|Gender=Neut|Number=Sing	469	obj	_	_
472	происходит	происходить	VERB	_	Aspect=Imp|Mood=Ind|Number=Sing|Person=3|Tense=Pres|VerbForm=Fin|Voice=Act	462	conj	_	_
473	звонит	звонить	VERB	_	Aspect=Imp|Mood=Ind|Number=Sing|Person=3|Tense=Pres|VerbForm=Fin|Voice=Act	471	parataxis	_	_
474	мне	я	PRON	_	Case=Dat|Number=Sing|Person=1	472	iobj	_	_
475	/	/	PUNCT	_	_	477	punct	_	_
476	она	она	PRON	_	Case=Nom|Gender=Fem|Number=Sing|Person=3	477	nsubj	_	_
477	с	с	ADP	_	_	477	case	_	_
478	дочкой	дочка	NOUN	_	Animacy=Anim|Case=Ins|Gender=Fem|Number=Sing	472	obl	_	_
479	/	/	PUNCT	_	_	483	punct	_	_
480	я	я	PRON	_	Case=Nom|Number=Sing|Person=1	483	nsubj	_	_
481	я	я	PRON	_	Case=Nom|Number=Sing|Person=1	483	nsubj	_	_
482	у	у	ADP	_	_	482	case	_	_
483	меня	я	PRON	_	Case=Gen|Number=Sing|Person=1	483	obl	_	_
484	нет	нет	VERB	_	Aspect=Imp|Mood=Ind|Number=Sing|Person=3|Tense=Pres|VerbForm=Fin|Voice=Act	472	conj	_	_
485	денег	деньги	NOUN	_	Animacy=Inan|Case=Gen|Gender=Fem|Number=Plur	479	nmod	_	_
486	на	на	ADP	_	_	486	case	_	_
487	такси	такси	NOUN	_	Animacy=Inan|Case=Acc|Gender=Neut|Number=Sing	484	nmod	_	_
488	а	а	CCONJ	_	_	490	cc	_	_
489	я	я	PRON	_	Case=Nom|Number=Sing|Person=1	490	nsubj	_	_
490	еще	еще	ADV	_	_	490	advmod	_	_
491	думаю	думать	VERB	_	Aspect=Imp|Mood=Ind|Number=Sing|Person=1|Tense=Pres|VerbForm=Fin|Voice=Act	509	parataxis	_	_
492	/	/	PUNCT	_	_	509	punct	_	_
493	на	на	ADP	_	_	493	case	_	_
494	такси	такси	NOUN	_	Animacy=Inan|Case=Loc|Gender=Neut|Number=Sing	494	obl	_	_
495	ехать	ехать	VERB	_	Aspect=Imp|VerbForm=Inf|Voice=Act	509	advcl	_	_
496	или	или	CCONJ	_	_	497	cc	_	_
497	на	на	ADP	_	_	497	case	_	_
498	метро	метро	NOUN	_	Animacy=Inan|Case=Loc|Gender=Neut|Number=Sing	494	conj	_	_
499	ха	ха	INTJ	_	_	497	nmod	_	_
500	это	это	PART	_	_	509	discourse	_	_
501	еще	еще	ADV	_	_	509	advmod	_	_
502	момент	момент	NOUN	_	Animacy=Inan|Case=Nom|Gender=Masc|Number=Sing	509	nsubj	_	_
503	когда	когда	SCONJ	_	_	509	mark	_	_
504	/	/	PUNCT	_	_	504	punct	_	_
505	ха	ха	INTJ	_	_	509	parataxis	_	_
506	я	я	PRON	_	Case=Nom|Number=Sing|Person=1	509	nsubj	_	_
507	так	так	ADV	_	_	507	advmod	_	_
508	настолько	настолько	ADV	_	_	509	advmod	_	_
509	я	я	PRON	_	Case=Nom|Number=Sing|Person=1	509	nsubj	_	_
510	говорю	говорить	VERB	_	Aspect=Imp|Mood=Ind|Number=Sing|Person=1|Tense=Pres|VerbForm=Fin|Voice=Act	472	conj	_	_
511	огонь	огонь	NOUN	_	Animacy=Inan|Case=Nom|Gender=Masc|Number=Sing	509	obj	_	_
512	есть	быть	VERB	_	Aspect=Imp|Mood=Ind|Number=Sing|Person=3|Tense=Pres|VerbForm=Fin|Voice=Act	507	fixed	_	_
513	?	?	PUNCT	_	_	511	punct	_	_
514	/	/	PUNCT	_	_	515	punct	_	_
515	она	она	PRON	_	Case=Nom|Gender=Fem|Number=Sing|Person=3	515	nsubj	_	_
516	говорит	говорить	VERB	_	Aspect=Imp|Mood=Ind|Number=Sing|Person=3|Tense=Pres|VerbForm=Fin|Voice=Act	511	parataxis	_	_
517	нет	нет	PART	_	_	517	advmod	_	_
518	дым	дым	NOUN	_	Animacy=Inan|Case=Nom|Gender=Masc|Number=Sing	515	obl	_	_
519	/	/	PUNCT	_	_	520	punct	_	_
520	я	я	PRON	_	Case=Nom|Number=Sing|Person=1	520	nsubj	_	_
521	говорю	говорить	VERB	_	Aspect=Imp|Mood=Ind|Number=Sing|Person=1|Tense=Pres|VerbForm=Fin|Voice=Act	515	conj	_	_
522	я	я	PRON	_	Case=Nom|Number=Sing|Person=1	528	nsubj	_	_
523	на	на	ADP	_	_	523	case	_	_
524	метро	метро	NOUN	_	Animacy=Inan|Case=Loc|Gender=Neut|Number=Sing	528	obl	_	_
525	бегу	бежать	VERB	_	Aspect=Imp|Mood=Ind|Number=Sing|Person=1|Tense=Pres|VerbForm=Fin|Voice=Act	523	nmod	_	_
526	с	с	ADP	_	_	526	case	_	_
527	метро	метро	NOUN	_	Animacy=Inan|Case=Gen|Gender=Neut|Number=Sing	524	nmod	_	_
528	она	она	PRON	_	Case=Nom|Gender=Fem|Number=Sing|Person=3	528	nsubj	_	_
529	идет	идти	VERB	_	Aspect=Imp|Mood=Ind|Number=Sing|Person=3|Tense=Pres|VerbForm=Fin|Voice=Act	520	ccomp	_	_
530	навстречу	навстречу	ADV	_	_	537	advmod	_	_
531	с	с	ADP	_	_	531	case	_	_
532	дочкой	дочка	NOUN	_	Animacy=Inan|Case=Ins|Gender=Fem|Number=Sing	537	obl	_	_
533	во	в	ADP	_	_	537	mark	_	_
534	что	что	PRON	_	Case=Acc	532	fixed	_	_
535	попало	попасть	VERB	_	Aspect=Perf|Gender=Neut|Mood=Ind|Number=Sing|Tense=Past|VerbForm=Fin|Voice=Act	532	fixed	_	_
536	во	в	ADP	_	_	536	case	_	_
537	что-то	что-то	PRON	_	Case=Acc	537	obl	_	_
538	одеты	одеть	VERB	_	Aspect=Perf|Number=Plur|Tense=Past|Variant=Short|VerbForm=Part|Voice=Pass	528	conj	_	_
539	как	как	SCONJ	_	_	541	mark	_	_
540	бомжи	бомж	NOUN	_	Animacy=Inan|Case=Nom|Gender=Masc|Number=Plur	541	nsubj	_	_
541	я	я	PRON	_	Case=Nom|Number=Sing|Person=1	541	nsubj	_	_
542	говорю	говорить	VERB	_	Aspect=Imp|Mood=Ind|Number=Sing|Person=1|Tense=Pres|VerbForm=Fin|Voice=Act	537	advcl	_	_
543	идите	идти	VERB	_	Aspect=Imp|Mood=Imp|Number=Plur|Person=2|VerbForm=Fin|Voice=Act	541	xcomp	_	_
544	в	в	ADP	_	_	544	case	_	_
545	с...	с	ADP	_	_	542	obl	_	_
546	в	в	ADP	_	_	546	case	_	_
547	кафе	кафе	NOUN	_	Animacy=Inan|Case=Loc|Gender=Neut|Number=Sing	542	obl	_	_
548	поднимаюсь	подниматься	VERB	_	Aspect=Imp|Mood=Ind|Number=Sing|Person=1|Tense=Pres|VerbForm=Fin|Voice=Mid	541	conj	_	_
549	домой	домой	ADV	_	_	547	advmod	_	_
550	разрезаю	разрезать	VERB	_	Aspect=Imp|Mood=Ind|Number=Sing|Person=1|Tense=Pres|VerbForm=Fin|Voice=Act	547	xcomp	_	_
551	этот	этот	DET	_	Case=Acc|Gender=Masc|Number=Sing	551	det	_	_
552	матрас	матрас	NOUN	_	Animacy=Inan|Case=Acc|Gender=Masc|Number=Sing	549	obj	_	_
553	меня	я	PRON	_	Case=Acc|Number=Sing|Person=1	556	nmod	_	_
554	вот	вот	PART	_	_	554	advmod	_	_
555	так	так	ADV	_	_	556	obl	_	_
556	вот	вот	PART	_	_	554	advmod	_	_
557	дымом	дым	NOUN	_	Animacy=Inan|Case=Ins|Gender=Masc|Number=Sing	549	obl	_	_
558	/	/	PUNCT	_	_	561	punct	_	_
559	я	я	PRON	_	Case=Nom|Number=Sing|Person=1	561	nsubj	_	_
560	полотенце	полотенце	NOUN	_	Animacy=Inan|Case=Acc|Gender=Neut|Number=Sing	558	parataxis	_	_
561	/	/	PUNCT	_	_	559	punct	_	_
562	беру	брать	VERB	_	Aspect=Imp|Mood=Ind|Number=Sing|Person=1|Tense=Pres|VerbForm=Fin|Voice=Act	556	acl:relcl	_	_
563	этот	этот	DET	_	Case=Acc|Gender=Masc|Number=Sing	563	det	_	_
564	матрас	матрас	NOUN	_	Animacy=Inan|Case=Acc|Gender=Masc|Number=Sing	561	obj	_	_
565	/	/	PUNCT	_	_	565	punct	_	_
566	скидываю	скидывать	VERB	_	Aspect=Imp|Mood=Ind|Number=Sing|Person=1|Tense=Pres|VerbForm=Fin|Voice=Act	575	nsubj	_	_
567	в	в	ADP	_	_	568	case	_	_
568	/	/	PUNCT	_	_	568	punct	_	_
569	мусорку	мусорка	NOUN	_	Animacy=Inan|Case=Acc|Gender=Fem|Number=Sing	565	nmod	_	_
570	/	/	PUNCT	_	_	570	punct	_	_
571	тащу	тащить	VERB	_	Aspect=Imp|Mood=Ind|Number=Sing|Person=1|Tense=Pres|VerbForm=Fin|Voice=Act	575	obl	_	_
572	его	он	PRON	_	Case=Acc|Gender=Masc|Number=Sing|Person=3	572	det	_	_
573	подъезду	подъезд	NOUN	_	Animacy=Inan|Case=Dat|Gender=Masc|Number=Sing	570	nmod	_	_
574	люди	человек	NOUN	_	Animacy=Anim|Case=Nom|Gender=Masc|Number=Plur	575	nsubj	_	_
575	не	не	PART	_	_	575	advmod	_	_
576	понимают	понимать	VERB	_	Aspect=Imp|Mood=Ind|Number=Plur|Person=3|Tense=Pres|VerbForm=Fin|Voice=Act	561	conj	_	_
577	чё	че	PRON	_	Animacy=Inan|Case=Nom|Gender=Neut|Number=Sing	577	obj	_	_
578	происходит	происходить	VERB	_	Aspect=Imp|Mood=Ind|Number=Sing|Person=3|Tense=Pres|VerbForm=Fin|Voice=Act	575	xcomp	_	_
579	/	/	PUNCT	_	_	588	punct	_	_
580	потому	потому	ADV	_	_	588	mark	_	_
581	что	что	SCONJ	_	_	579	fixed	_	_
582	нуу	ну	PART	_	_	588	advmod	_	_
583	такой	такой	DET	_	Case=Nom|Gender=Masc|Number=Sing	583	det	_	_
584	человек	человек	NOUN	_	Animacy=Anim|Case=Nom|Gender=Masc|Number=Sing	588	nsubj	_	_
585	не	не	PART	_	_	585	advmod	_	_
586	все	весь	DET	_	Case=Nom|Number=Plur	588	nsubj	_	_
587	соседи	соседи	ADP	_	_	587	case	_	_
588	меня	я	PRON	_	Case=Acc|Number=Sing|Person=1	588	obl	_	_
589	знают	знать	VERB	_	Aspect=Imp|Mood=Ind|Number=Plur|Person=3|Tense=Pres|VerbForm=Fin|Voice=Act	577	advcl	_	_
590	а	а	CCONJ	_	_	591	cc	_	_
591	кто-то	кто-то	PRON	_	Case=Nom	591	nsubj	_	_
592	спросил	спросить	VERB	_	Aspect=Perf|Gender=Masc|Mood=Ind|Number=Sing|Tense=Past|VerbForm=Fin|Voice=Act	588	conj	_	_
593	там	там	PART	_	_	591	advmod	_	_
594	вы	вы	PRON	_	Case=Nom|Number=Plur|Person=2	591	obl	_	_
595	/	/	PUNCT	_	_	595	punct	_	_
596	ы	ы	INTJ	_	_	593	appos	_	_
597	что	что	PRON	_	Case=Acc	595	nmod	_	_
598	/	/	PUNCT	_	_	601	punct	_	_
599	куда	куда	ADV	_	_	601	advmod	_	_
600	это	этот	DET	_	Case=Nom|Gender=Neut|Number=Sing	601	nsubj	_	_
601	/	/	PUNCT	_	_	599	punct	_	_
602	вы	вы	PRON	_	Case=Nom|Number=Plur|Person=2	596	nsubj	_	_
603	кто	кто	PRON	_	Case=Nom	609	nsubj	_	_
604	/	/	PUNCT	_	_	607	punct	_	_
605	во-первых	во-первых	PRED	_	_	607	parataxis	_	_
606	/	/	PUNCT	_	_	604	punct	_	_
607	я	я	PRON	_	Case=Nom|Number=Sing|Person=1	607	nsubj	_	_
608	говорю	говорить	VERB	_	Aspect=Imp|Mood=Ind|Number=Sing|Person=1|Tense=Pres|VerbForm=Fin|Voice=Act	609	parataxis	_	_
609	я	я	PRON	_	Case=Nom|Number=Sing|Person=1	607	nsubj	_	_
610	живу	жить	VERB	_	Aspect=Imp|Mood=Ind|Number=Sing|Person=1|Tense=Pres|VerbForm=Fin|Voice=Act	601	acl:relcl	_	_
611	в	в	ADP	_	_	612	case	_	_
612	этой	этот	DET	_	Case=Loc|Gender=Fem|Number=Sing	612	det	_	_
613	матрас	матрас	NOUN	_	Animacy=Inan|Case=Nom|Gender=Masc|Number=Sing	613	obl	_	_
614	говорю	говорить	VERB	_	Aspect=Imp|Mood=Ind|Number=Sing|Person=1|Tense=Pres|VerbForm=Fin|Voice=Act	609	xcomp	_	_
615	горит	гореть	VERB	_	Aspect=Imp|Mood=Ind|Number=Sing|Person=3|Tense=Pres|VerbForm=Fin|Voice=Act	609	nsubj	_	_
616	/	/	PUNCT	_	_	620	punct	_	_
617	и	и	CCONJ	_	_	620	cc	_	_
618	так	так	ADV	_	_	616	fixed	_	_
619	далее	далее	ADV	_	_	616	fixed	_	_
620	/	/	PUNCT	_	_	620	punct	_	_
621	вынес	вынести	VERB	_	Aspect=Perf|Gender=Masc|Mood=Ind|Number=Sing|Tense=Past|VerbForm=Fin|Voice=Act	609	conj	_	_
622	/	/	PUNCT	_	_	622	punct	_	_
623	дома	дом	ADV	_	_	620	advmod	_	_
624	вонь	вонь	NOUN	_	Animacy=Inan|Case=Nom|Gender=Fem|Number=Sing	620	nsubj	_	_
625	/	/	PUNCT	_	_	629	punct	_	_
626	мы	мы	PRON	_	Case=Nom|Number=Plur|Person=1	629	nsubj	_	_
627	еще	еще	ADV	_	_	627	advmod	_	_
628	три	три	NUM	_	Animacy=Inan|Case=Acc	628	nummod:gov	_	_
629	дня	день	NOUN	_	Animacy=Inan|Case=Gen|Gender=Masc|Number=Sing	629	obl	_	_
630	жили	жить	VERB	_	Aspect=Imp|Mood=Ind|Number=Plur|Tense=Past|VerbForm=Fin|Voice=Act	620	ccomp	_	_
631	в	в	ADP	_	_	631	case	_	_
632	вони	вонь	NOUN	_	Animacy=Inan|Case=Loc|Gender=Fem|Number=Sing	629	obl	_	_
633	я	я	PRON	_	Case=Nom|Number=Sing|Person=1	629	nsubj	_	_
634	в	в	ADP	_	_	634	case	_	_
635	офис	офис	NOUN	_	Animacy=Inan|Case=Acc|Gender=Masc|Number=Sing	629	obl	_	_
636	еще	еще	ADV	_	_	636	advmod	_	_
637	приходил	приходить	VERB	_	Aspect=Imp|Gender=Masc|Mood=Ind|Number=Sing|Tense=Past|VerbForm=Fin|Voice=Act	629	conj	_	_
638	все	весь	DET	_	Case=Nom|Number=Plur	638	obj	_	_
639	думали	думать	VERB	_	Aspect=Imp|Mood=Ind|Number=Plur|Tense=Past|VerbForm=Fin|Voice=Act	636	xcomp	_	_
640	/	/	PUNCT	_	_	642	punct	_	_
641	где	где	SCONJ	_	_	642	advmod	_	_
642	чё-то	чё-то	PRON	_	Case=Nom	642	advmod	_	_
643	горит	гореть	VERB	_	Aspect=Imp|Mood=Ind|Number=Sing|Person=3|Tense=Pres|VerbForm=Fin|Voice=Act	638	ccomp	_	_
644	что	что	SCONJ	_	_	642	obj	_	_
645	ли	ли	PART	_	_	643	advmod	_	_
646	то	тот	DET	_	Case=Nom|Gender=Neut|Number=Sing	650	mark	_	_
647	есть	быть	VERB	_	Aspect=Imp|Mood=Ind|Number=Sing|Person=3|Tense=Pres|VerbForm=Fin|Voice=Act	645	fixed	_	_
648	я	я	PRON	_	Case=Nom|Number=Sing|Person=1	650	nsubj	_	_
649	это	этот	DET	_	Case=Acc|Gender=Neut|Number=Sing	650	obj	_	_
650	не	не	PART	_	_	650	advmod	_	_
651	придумал	придумать	VERB	_	Aspect=Perf|Gender=Masc|Mood=Ind|Number=Sing|Tense=Past|VerbForm=Fin|Voice=Act	642	parataxis	_	_
652	м	ммм	INTJ	_	_	654	obj	_	_
653	#смеется#	#смеется#	X	_	_	651	nmod	_	_
654	не	не	PART	_	_	654	advmod	_	_
655	знаю	знать	VERB	_	Aspect=Imp|Mood=Ind|Number=Sing|Person=1|Tense=Pres|VerbForm=Fin|Voice=Act	650	advcl	_	_
656	не	не	PART	_	_	656	advmod	_	_
657	знаю	знать	VERB	_	Aspect=Imp|Mood=Ind|Number=Sing|Person=1|Tense=Pres|VerbForm=Fin|Voice=Act	654	xcomp	_	_
658	/	/	PUNCT	_	_	672	punct	_	_
659	хм	хм	INTJ	_	_	660	amod	_	_
660	хороший	хороший	ADJ	_	Case=Nom|Degree=Pos|Gender=Masc|Number=Sing	660	amod	_	_
661	вопрос	вопрос	NOUN	_	Animacy=Inan|Case=Nom|Gender=Masc|Number=Sing	672	obj	_	_
662	но	но	CCONJ	_	_	672	cc	_	_
663	думаю	думать	VERB	_	Aspect=Imp|Mood=Ind|Number=Sing|Person=1|Tense=Pres|VerbForm=Fin|Voice=Act	672	parataxis	_	_
664	нет	нет	PART	_	_	672	advmod	_	_
665	не	не	PART	_	_	665	advmod	_	_
666	не	не	PART	_	_	666	advmod	_	_
667	не	не	PART	_	_	669	advmod	_	_
668	когда	когда	SCONJ	_	_	669	mark	_	_
669	она	она	PRON	_	Case=Nom|Gender=Fem|Number=Sing|Person=3	669	nsubj	_	_
670	смеется	смеяться	VERB	_	Aspect=Imp|Mood=Ind|Number=Sing|Person=3|Tense=Pres|VerbForm=Fin|Voice=Mid	672	advcl	_	_
671	она	она	PRON	_	Case=Nom|Gender=Fem|Number=Sing|Person=3	669	nsubj	_	_
672	меня	я	PRON	_	Case=Acc|Number=Sing|Person=1	669	obj	_	_
673	бьет	бить	VERB	_	Aspect=Imp|Mood=Ind|Number=Sing|Person=3|Tense=Pres|VerbForm=Fin|Voice=Act	656	ccomp	_	_
674	и	и	CCONJ	_	_	674	cc	_	_
675	говорит	говорить	VERB	_	Aspect=Imp|Mood=Ind|Number=Sing|Person=3|Tense=Pres|VerbForm=Fin|Voice=Act	672	conj	_	_
676	ну	ну	PART	_	_	676	discourse	_	_
677	ты	ты	PRON	_	Case=Nom|Number=Sing|Person=2	674	nsubj	_	_
678	мудак	мудак	NOUN	_	Animacy=Anim|Case=Nom|Gender=Masc|Number=Sing	678	advmod	_	_
679	конечно	конечно	PRED	_	_	674	advmod	_	_
680	/	/	PUNCT	_	_	681	punct	_	_
681	но	но	CCONJ	_	_	681	cc	_	_
682	смеется	смеяться	VERB	_	Aspect=Imp|Mood=Ind|Number=Sing|Person=3|Tense=Pres|VerbForm=Fin|Voice=Mid	674	conj	_	_
683	прекрасно	прекрасный	ADJ	_	Degree=Pos|Gender=Neut|Number=Sing|Variant=Short	681	advmod	_	_
684	представляешь	представлять	VERB	_	Aspect=Imp|Mood=Ind|Number=Sing|Person=2|Tense=Pres|VerbForm=Fin|Voice=Act	681	xcomp	_	_
685	?	?	PUNCT	_	_	681	punct	_	_
686	я	я	PRON	_	Case=Nom|Number=Sing|Person=1	681	nsubj	_	_
687	в	в	ADP	_	_	687	case	_	_
688	шоке	шок	NOUN	_	Animacy=Inan|Case=Loc|Gender=Masc|Number=Sing	681	obl	_	_
689	сам	сам	DET	_	Case=Nom|Degree=Pos|Gender=Masc|Number=Sing	681	obl	_	_
690	я	я	PRON	_	Case=Nom|Number=Sing|Person=1	681	nsubj	_	_
691	когда	когда	SCONJ	_	_	740	mark	_	_
692	первый	первый	ADJ	_	Animacy=Inan|Case=Acc|Degree=Pos|Gender=Masc|Number=Sing	692	amod	_	_
693	раз	раз	NOUN	_	Animacy=Inan|Case=Acc|Gender=Masc|Number=Sing	694	obl	_	_
694	ааа	ааа	INTJ	_	_	692	nmod	_	_
695	начал	начать	VERB	_	Aspect=Perf|Gender=Masc|Mood=Ind|Number=Sing|Tense=Past|VerbForm=Fin|Voice=Act	740	advcl	_	_
696	собственно	собственно	ADV	_	_	696	advmod	_	_
697	говоря	говорить	VERB	_	Aspect=Imp|Tense=Pres|VerbForm=Conv|Voice=Act	740	advcl	_	_
698	заниматься	заниматься	VERB	_	Aspect=Imp|VerbForm=Inf|Voice=Mid	740	xcomp	_	_
699	тем	тот	DET	_	Case=Ins|Gender=Neut|Number=Sing	700	obl	_	_
700	что	что	SCONJ	_	_	698	fixed	_	_
701	говорить	говорить	VERB	_	Aspect=Imp|VerbForm=Inf|Voice=Act	740	xcomp	_	_
702	о	о	ADP	_	_	702	case	_	_
703	жене	жена	NOUN	_	Animacy=Inan|Case=Loc|Gender=Fem|Number=Sing	740	obl	_	_
704	/	/	PUNCT	_	_	740	punct	_	_
705	в	в	ADP	_	_	740	mark	_	_
706	самых	самый	ADJ	_	Case=Loc|Degree=Pos|Number=Plur	706	amod	_	_
707	/	/	PUNCT	_	_	740	punct	_	_
708	аа	ааа	INTJ	_	_	740	nsubj	_	_
709	хороших	хороший	ADJ	_	Case=Loc|Degree=Pos|Number=Plur	709	amod	_	_
710	тонах	тон	NOUN	_	Animacy=Inan|Case=Loc|Gender=Masc|Number=Plur	740	obl	_	_
711	мм	ммм	INTJ	_	_	740	obl	_	_
712	/	/	PUNCT	_	_	714	punct	_	_
713	я	я	PRON	_	Case=Nom|Number=Sing|Person=1	714	nsubj	_	_
714	больше	больше	ADV	_	Degree=Cmp	714	advmod	_	_
715	переживал	переживать	VERB	_	Aspect=Imp|Gender=Masc|Mood=Ind|Number=Sing|Tense=Past|VerbForm=Fin|Voice=Act	740	parataxis	_	_
716	за	за	ADP	_	_	716	case	_	_
717	э	эээ	INTJ	_	_	714	obl	_	_
718	реакцию	реакция	NOUN	_	Animacy=Inan|Case=Acc|Gender=Fem|Number=Sing	714	obj	_	_
719	родителей	родитель	NOUN	_	Animacy=Anim|Case=Gen|Gender=Masc|Number=Plur	717	nmod	_	_
720	но	но	CCONJ	_	_	720	cc	_	_
721	нет	нет	PART	_	_	740	advcl	_	_
722	они	они	PRON	_	Case=Nom|Number=Plur|Person=3	720	nsubj	_	_
723	мне	я	PRON	_	Case=Dat|Number=Sing|Person=1	723	iobj	_	_
724	звонят	звонить	VERB	_	Aspect=Imp|Mood=Ind|Number=Plur|Person=3|Tense=Pres|VerbForm=Fin|Voice=Act	740	xcomp	_	_
725	молодец	молодец	NOUN	_	Animacy=Anim|Case=Nom|Gender=Masc|Number=Sing	740	nsubj	_	_
726	те	тот	DET	_	Case=Nom|Number=Plur	724	det	_	_
727	в	в	ADP	_	_	727	case	_	_
728	ты	ты	PRON	_	Case=Nom|Number=Sing|Person=2	740	obl	_	_
729	на	на	ADP	_	_	729	case	_	_
730	телевизоре	телевизор	NOUN	_	Animacy=Inan|Case=Loc|Gender=Masc|Number=Sing	727	nmod	_	_
731	#нрзб#	#нрзб#	X	_	_	729	nmod	_	_
732	спасибо	спасибо	PART	_	_	730	nmod	_	_
733	большое	большой	ADJ	_	Case=Nom|Degree=Pos|Gender=Neut|Number=Sing	731	amod	_	_
734	/	/	PUNCT	_	_	727	punct	_	_
735	ну	ну	PART	_	_	736	parataxis	_	_
736	вот	вот	PART	_	_	736	advmod	_	_
737	то	тот	DET	_	Case=Nom|Gender=Neut|Number=Sing	740	obj	_	_
738	есть	быть	VERB	_	Aspect=Imp|Mood=Ind|Number=Sing|Person=3|Tense=Pres|VerbForm=Fin|Voice=Act	736	fixed	_	_
739	они	они	PRON	_	Case=Nom|Number=Plur|Person=3	740	nsubj	_	_
740	тоже	тоже	PART	_	_	738	advmod	_	_
741	понимают	понимать	VERB	_	Aspect=Imp|Mood=Ind|Number=Plur|Person=3|Tense=Pres|VerbForm=Fin|Voice=Act	681	advcl	_	_
742	что	что	SCONJ	_	_	743	mark	_	_
743	это	это	PRED	_	_	743	nsubj	_	_
744	так	так	ADV	_	_	740	advcl	_	_
745	или	или	CCONJ	_	_	745	cc	_	_
746	иначе	иначе	ADV	_	_	743	conj	_	_
747	шутки	шутка	NOUN	_	Animacy=Inan|Case=Nom|Gender=Fem|Number=Plur	745	nsubj	_	_
748	/	/	PUNCT	_	_	756	punct	_	_
749	в	в	ADP	_	_	756	discourse	_	_
750	первую	первый	ADJ	_	Animacy=Inan|Case=Acc|Gender=Fem|Number=Sing	748	fixed	_	_
751	очередь	очередь	NOUN	_	Animacy=Inan|Case=Acc|Gender=Fem|Number=Sing	748	fixed	_	_
752	/	/	PUNCT	_	_	756	punct	_	_
753	а	а	CCONJ	_	_	756	cc	_	_
754	не	не	PART	_	_	754	advmod	_	_
755	мое	мой	DET	_	Case=Nom|Gender=Neut|Number=Sing	756	det	_	_
756	искреннее	искренний	ADJ	_	Case=Nom|Degree=Pos|Gender=Neut|Number=Sing	756	amod	_	_
757	отношение	отношение	NOUN	_	Animacy=Inan|Case=Nom|Gender=Neut|Number=Sing	746	nmod	_	_
758	к	к	ADP	_	_	758	case	_	_
759	ней	она	PRON	_	Case=Dat|Gender=Fem|Number=Sing|Person=3	756	nmod	_	_
760	она	она	PRON	_	Case=Nom|Gender=Fem|Number=Sing|Person=3	770	nsubj	_	_
761	очень	очень	ADV	_	_	761	obl	_	_
762	милая	милый	ADJ	_	Case=Nom|Degree=Pos|Gender=Fem|Number=Sing	770	obl	_	_
763	у	у	ADP	_	_	763	case	_	_
764	нее	она	PRON	_	Case=Gen|Gender=Fem|Number=Sing|Person=3	761	nmod	_	_
765	очень	очень	ADV	_	_	765	obl	_	_
766	добрые	добрый	ADJ	_	Animacy=Inan|Case=Nom|Degree=Pos|Number=Plur	766	amod	_	_
767	глаза	глаз	NOUN	_	Animacy=Inan|Case=Nom|Gender=Masc|Number=Plur	770	obj	_	_
768	она	она	PRON	_	Case=Nom|Gender=Fem|Number=Sing|Person=3	770	nsubj	_	_
769	очень	очень	ADV	_	_	769	advmod	_	_
770	классно	классно	ADV	_	Degree=Pos	770	advmod	_	_
771	улыбается	улыбаться	VERB	_	Aspect=Imp|Mood=Ind|Number=Sing|Person=3|Tense=Pres|VerbForm=Fin|Voice=Mid	756	appos	_	_
772	она	она	PRON	_	Case=Nom|Gender=Fem|Number=Sing|Person=3	774	nsubj	_	_
773	очень	очень	ADV	_	_	773	obl	_	_
774	я	я	PRON	_	Case=Nom|Number=Sing|Person=1	774	nsubj	_	_
775	люблю	любить	VERB	_	Aspect=Imp|Mood=Ind|Number=Sing|Person=1|Tense=Pres|VerbForm=Fin|Voice=Act	770	conj	_	_
776	когда	когда	SCONJ	_	_	778	mark	_	_
777	она	она	PRON	_	Case=Nom|Gender=Fem|Number=Sing|Person=3	778	nsubj	_	_
778	меня	я	PRON	_	Case=Acc|Number=Sing|Person=1	778	obj	_	_
779	обнимает	обнимать	VERB	_	Aspect=Imp|Mood=Ind|Number=Sing|Person=3|Tense=Pres|VerbForm=Fin|Voice=Act	792	advcl	_	_
780	то	тот	DET	_	Case=Nom|Gender=Neut|Number=Sing	792	mark	_	_
781	есть	быть	VERB	_	Aspect=Imp|Mood=Ind|Number=Sing|Person=3|Tense=Pres|VerbForm=Fin|Voice=Act	779	fixed	_	_
782	масса	масса	NOUN	_	Animacy=Inan|Case=Nom|Gender=Fem|Number=Sing	792	obj	_	_
783	масса	масса	NOUN	_	Animacy=Inan|Case=Nom|Gender=Fem|Number=Sing	792	nsubj	_	_
784	я	я	PRON	_	Case=Nom|Number=Sing|Person=1	784	nsubj	_	_
785	могу	мочь	VERB	_	Aspect=Imp|Mood=Ind|Number=Sing|Person=1|Tense=Pres|VerbForm=Fin|Voice=Act	792	parataxis	_	_
786	/	/	PUNCT	_	_	784	punct	_	_
787	много	много	ADV	_	Degree=Pos	792	advmod	_	_
788	чего	что	PRON	_	Case=Gen	788	obl	_	_
789	говорить	говорить	VERB	_	Aspect=Imp|VerbForm=Inf|Voice=Act	792	xcomp	_	_
790	она	она	PRON	_	Case=Nom|Gender=Fem|Number=Sing|Person=3	792	nsubj	_	_
791	меня	я	PRON	_	Case=Acc|Number=Sing|Person=1	792	obj	_	_
792	искренне	искренне	ADV	_	Degree=Pos	792	advmod	_	_
793	любит	любить	VERB	_	Aspect=Imp|Mood=Ind|Number=Sing|Person=3|Tense=Pres|VerbForm=Fin|Voice=Act	774	ccomp	_	_
794	/	/	PUNCT	_	_	798	punct	_	_
795	она	она	PRON	_	Case=Nom|Gender=Fem|Number=Sing|Person=3	798	nsubj	_	_
796	отличный	отличный	ADJ	_	Case=Nom|Degree=Pos|Gender=Masc|Number=Sing	798	amod	_	_
797	/	/	PUNCT	_	_	797	punct	_	_
798	прекрасный	прекрасный	ADJ	_	Case=Nom|Degree=Pos|Gender=Masc|Number=Sing	798	amod	_	_
799	человек	человек	NOUN	_	Animacy=Anim|Case=Nom|Gender=Masc|Number=Sing	792	nsubj	_	_
800	и	и	CCONJ	_	_	803	cc	_	_
801	хорошая	хороший	ADJ	_	Case=Nom|Degree=Pos|Gender=Fem|Number=Sing	801	amod	_	_
802	мама	мама	NOUN	_	Animacy=Anim|Case=Nom|Gender=Fem|Number=Sing	798	conj	_	_
803	но	но	CCONJ	_	_	803	cc	_	_
804	тупая	тупой	ADJ	_	Case=Nom|Degree=Pos|Gender=Fem|Number=Sing	792	conj	_	_
805	наверное	наверное	ADV	_	_	805	obl	_	_
806	#смеется#	#смеется#	X	_	_	803	obl	_	_
807	да	да	PART	_	_	812	cc	_	_
808	не	не	PART	_	_	808	advmod	_	_
809	не	не	PART	_	_	809	advmod	_	_
810	не	не	PART	_	_	812	advmod	_	_
811	/	/	PUNCT	_	_	812	punct	_	_
812	прекрасный	прекрасный	ADJ	_	Case=Nom|Degree=Pos|Gender=Masc|Number=Sing	812	amod	_	_
813	человек	человек	NOUN	_	Animacy=Anim|Case=Nom|Gender=Masc|Number=Sing	805	conj	_	_
814	на	на	ADP	_	_	815	case	_	_
815	самом	самый	ADJ	_	Case=Loc|Degree=Pos|Gender=Neut|Number=Sing	815	amod	_	_
816	деле	дело	NOUN	_	Animacy=Inan|Case=Loc|Gender=Neut|Number=Sing	812	nmod	_	_
